setting,model,acc_mean,acc_std,bacc_mean,bacc_std,f1m_mean,f1m_std,aucm_mean,aucm_std
all,logreg,0.9399999999999998,0.0651920240520265,0.9399999999999998,0.0651920240520265,0.9389206349206348,0.0673740251080433,0.990625,0.0116926793336685
ef,logreg,0.75,0.1118033988749895,0.75,0.1118033988749895,0.7462222222222222,0.11511900795018,0.9475,0.0312030897909165
vol,rf,0.9,0.0790569415042094,0.9,0.0790569415042094,0.8920750360750359,0.0889548339554671,0.984375,0.0204919953884437
