{
  "Dice_mean": 0.946648996503645,
  "Dice_std": 0.002269534463010479,
  "IoU_mean": 0.8999753906811646,
  "IoU_std": 0.003938043136265344,
  "Accuracy_mean": 0.9747320321890024,
  "Accuracy_std": 0.0008481676844559278,
  "F1_macro_mean": 0.9658506709223318,
  "F1_macro_std": 0.0011838124920537858,
  "F1_weighted_mean": 0.9747227847628267,
  "F1_weighted_std": 0.0008454129213558833,
  "folds": 5,
  "dataset": "camus",
  "phase": "ED",
  "view": "4CH",
  "feat2d": "32,64,128,256",
  "feat3d": "",
  "amp": true,
  "grad_clip": 1.0,
  "accum": 1,
  "num_workers": 4,
  "model": "unet"
}