{
  "Dice_mean": 0.652005958557129,
  "Dice_std": 0.04280484962191896,
  "IoU_mean": 0.5670913815498352,
  "IoU_std": 0.04355610585921526,
  "Accuracy_mean": 0.9631356850923692,
  "Accuracy_std": 0.013280513851310021,
  "F1_macro_mean": 0.6520059019477868,
  "F1_macro_std": 0.0428048323548863,
  "F1_weighted_mean": 0.9710604296388823,
  "F1_weighted_std": 0.008157011048518898,
  "folds": 5,
  "dataset": "acdc",
  "phase": "ES",
  "view": "4CH",
  "feat2d": "",
  "feat3d": "16,32,64,128",
  "amp": true,
  "grad_clip": 1.0,
  "accum": 2,
  "num_workers": 16,
  "model": "unet",
  "Dice_RV_mean": 0.9812396168708801,
  "Dice_RV_std": 0.007994288927236644,
  "Dice_MYO_mean": 0.41764546036720274,
  "Dice_MYO_std": 0.0876136092000442,
  "Dice_LV_mean": 0.5571327328681945,
  "Dice_LV_std": 0.061083695974699675,
  "IoU_RV_mean": 0.9639636754989624,
  "IoU_RV_std": 0.014987125157067824,
  "IoU_MYO_mean": 0.2937566518783569,
  "IoU_MYO_std": 0.08011010989951362,
  "IoU_LV_mean": 0.44355376362800597,
  "IoU_LV_std": 0.06272756150674777
}