fold,Dice,IoU,Accuracy,F1_macro,F1_weighted,artifact,best_ckpt
1,0.9496453146832927,0.9049671378048574,0.9752298501821665,0.9670950426750294,0.9751682497699552,logs/seg_camus_fold1_example.png,logs/seg_camus_fold1_best.pt
2,0.9463427393286036,0.8997369465731713,0.9748797783484826,0.966046478976181,0.9748153926334292,logs/seg_camus_fold2_example.png,logs/seg_camus_fold2_best.pt
3,0.9487859533477243,0.9032995418524807,0.9749848292424128,0.9665003543573752,0.9749955704153467,logs/seg_camus_fold3_example.png,logs/seg_camus_fold3_best.pt
4,0.9471518862197611,0.9014569841840864,0.976011716402494,0.966841380693126,0.9760699654981857,logs/seg_camus_fold4_example.png,logs/seg_camus_fold4_best.pt
5,0.943108947651758,0.8934277596870907,0.9733712122990534,0.9638299691810052,0.9733712111913932,logs/seg_camus_fold5_example.png,logs/seg_camus_fold5_best.pt
