fold,accuracy,balanced_accuracy,macro_f1
1,0.4,0.47000000000000003,0.36828282828282827
2,0.6,0.590952380952381,0.6032323232323232
3,0.5333333333333333,0.5583333333333333,0.5083333333333333
4,0.5333333333333333,0.5133333333333333,0.49071428571428566
5,0.5666666666666667,0.5928571428571429,0.5445054945054946
