fold,accuracy,balanced_accuracy,macro_f1
1,0.55,0.55,0.48571428571428565
2,0.45,0.45,0.37206349206349204
3,0.4,0.4,0.38
4,0.55,0.55,0.5253968253968253
5,0.4,0.4,0.43
