fold,accuracy,balanced_accuracy,macro_f1
1,0.45,0.45,0.4441558441558442
2,0.45,0.45,0.41761904761904767
3,0.6,0.6,0.5492063492063493
4,0.5,0.5,0.44559884559884555
5,0.55,0.55,0.519047619047619
