fold,accuracy,balanced_accuracy,macro_f1
1,0.4666666666666667,0.52,0.4532600732600732
2,0.6,0.5842857142857143,0.5917703349282297
3,0.43333333333333335,0.4666666666666666,0.39844155844155843
4,0.5333333333333333,0.5133333333333334,0.5083333333333334
5,0.5666666666666667,0.5499999999999999,0.5472327672327673
