fold,accuracy,balanced_accuracy,macro_f1
1,0.45,0.45,0.4309523809523809
2,0.6,0.6,0.6014285714285714
3,0.45,0.45,0.370952380952381
4,0.4,0.4,0.34
5,0.5,0.5,0.5117460317460317
