fold,accuracy,balanced_accuracy,macro_f1
1,0.43333333333333335,0.48,0.43505772005772003
2,0.6333333333333333,0.6290476190476191,0.6169340463458111
3,0.6,0.6333333333333334,0.582017982017982
4,0.5,0.48476190476190484,0.49290043290043295
5,0.6666666666666666,0.6749999999999999,0.6456959706959707
