fold,acc,bacc,f1_macro,auc
1,0.9,0.9,0.8933333333333333,0.978583916083916
2,0.9,0.9064285714285714,0.8982661782661783,0.9938457981631895
3,0.9666666666666667,0.95,0.956043956043956,0.9986111111111111
4,0.9,0.9028571428571428,0.9004884004884005,0.9864866114561768
5,1.0,1.0,1.0,1.0
